"0","library(dplyr)"
"2","
‘ÿ»Î≥Ãº≠∞¸£∫°Ædplyr°Ø

"
"2","The following objects are masked from °Æpackage:stats°Ø:

    filter, lag

"
"2","The following objects are masked from °Æpackage:base°Ø:

    intersect, setdiff, setequal, union

"
"2","Warning messages:
"
"2","1: "
"2","In strsplit(x, ""\n"") :"
"2"," input string 1 is invalid in this locale
"
"2","2: "
"2","In strsplit(x, ""\n"") :"
"2"," input string 1 is invalid in this locale
"
"2","3: "
"2","In strsplit(x, ""\n"") :"
"2"," input string 1 is invalid in this locale
"
"2","4: "
"2","In strsplit(x, ""\n"") :"
"2"," input string 1 is invalid in this locale
"
